actor,movie_or_TV_name
Michelle Yeoh,The Brothers Sun
Michelle Yeoh,ARK: The Animated Series
Michelle Yeoh,Rich People Problems
Michelle Yeoh,Star Trek: Section 31
Michelle Yeoh,The Legend of Nezha
Michelle Yeoh,Avatar 5
Michelle Yeoh,Avatar 4
Michelle Yeoh,Avatar 3
Michelle Yeoh,Wicked Part 2
Michelle Yeoh,Wicked Part 1
Michelle Yeoh,The Tiger's Apprentice
Michelle Yeoh,A Haunting in Venice
Michelle Yeoh,Transformers: Rise of the Beasts
Michelle Yeoh,The New Face of Hollywood – A Soul of a Nation Presentation
Michelle Yeoh,American Born Chinese
Michelle Yeoh,The Witcher: Blood Origin
Michelle Yeoh,Making The Witcher: Blood Origin
Michelle Yeoh,"Jean Todt, la méthode"
Michelle Yeoh,The School for Good and Evil
Michelle Yeoh,Paws of Fury: The Legend of Hank
Michelle Yeoh,Minions: The Rise of Gru
Michelle Yeoh,Everything Everywhere All at Once
Michelle Yeoh,Shang-Chi and the Legend of the Ten Rings
Michelle Yeoh,Gunpowder Milkshake
Michelle Yeoh,Marvel Studios Assembled
Michelle Yeoh,Nations United: Urgent Solutions for Urgent Times
Michelle Yeoh,The Hidden Kingdoms of China
Michelle Yeoh,Boss Level
Michelle Yeoh,Last Christmas
Michelle Yeoh,Iron Fists and Kung Fu Kicks
Michelle Yeoh,The Ready Room
Michelle Yeoh,Master Z: Ip Man Legacy
Michelle Yeoh,Star Trek: Short Treks
Michelle Yeoh,Crazy Rich Asians
Michelle Yeoh,My Legacy and I
Michelle Yeoh,Star Trek: Discovery
Michelle Yeoh,Guardians of the Galaxy Vol. 2
Michelle Yeoh,Morgan
Michelle Yeoh,Mechanic: Resurrection
Michelle Yeoh,Dragon Girls !
Michelle Yeoh,"Crouching Tiger, Hidden Dragon: Sword of Destiny"
Michelle Yeoh,Marco Polo: One Hundred Eyes
Michelle Yeoh,The Late Show with Stephen Colbert
Michelle Yeoh,Marco Polo
Michelle Yeoh,Chef Nic
Michelle Yeoh,Final Recipe
Michelle Yeoh,The Lady
Michelle Yeoh,Fucking Kassovitz
Michelle Yeoh,Kung Fu Panda 2
Michelle Yeoh,Reign of Assassins
Michelle Yeoh,Strike Back
Michelle Yeoh,"Rose, c'est Paris"
Michelle Yeoh,True Legend
Michelle Yeoh,Among the Great Apes with Michelle Yeoh
Michelle Yeoh,Babylon A.D.
Michelle Yeoh,The Mummy: Tomb of the Dragon Emperor
Michelle Yeoh,Far North
Michelle Yeoh,The Children of Huang Shi
Michelle Yeoh,Purple Mountain
Michelle Yeoh,Sunshine
Michelle Yeoh,The Graham Norton Show
Michelle Yeoh,Fearless
Michelle Yeoh,Memoirs of a Geisha
Michelle Yeoh,Silver Hawk
Michelle Yeoh,Hong Kong Stories
Michelle Yeoh,"Jackie Chan: Fast, Funny and Furious"
Michelle Yeoh,Best Ever Bond
Michelle Yeoh,Bond Girls Are Forever
Michelle Yeoh,The Touch
Michelle Yeoh,The Powerpuff Girls Movie
Michelle Yeoh,Ultimate Fights from the Movies
Michelle Yeoh,Grit & Polish: Heroines from Hong Kong
Michelle Yeoh,"Crouching Tiger, Hidden Dragon"
Michelle Yeoh,Moonlight Express
Michelle Yeoh,Vivement dimanche
Michelle Yeoh,Masters of the Martial Arts Presented by Wesley Snipes
Michelle Yeoh,Jackie Chan: My Story
Michelle Yeoh,Highly Classified: The World of 007
Michelle Yeoh,Tomorrow Never Dies
Michelle Yeoh,The Secrets of 007
Michelle Yeoh,The View
Michelle Yeoh,The Soong Sisters
Michelle Yeoh,The Stunt Woman
Michelle Yeoh,Top Fighter 2
Michelle Yeoh,Jackie Chan - From Stuntman to Superstar
Michelle Yeoh,The Daily Show
Michelle Yeoh,The Rosie O'Donnell Show
Michelle Yeoh,Shaolin Popey II: Messy Temple
Michelle Yeoh,Wonder Seven
Michelle Yeoh,Wing Chun
Michelle Yeoh,Tai-Chi Master
Michelle Yeoh,Supercop 2
Michelle Yeoh,Executioners
Michelle Yeoh,Holy Weapon
Michelle Yeoh,The Heroic Trio
Michelle Yeoh,Butterfly and Sword
Michelle Yeoh,Police Story 3: Super Cop
Michelle Yeoh,Easy Money
Michelle Yeoh,Magnificent Warriors
Michelle Yeoh,Royal Warriors
Michelle Yeoh,"Yes, Madam!"
Michelle Yeoh,"Twinkle, Twinkle, Lucky Stars"
Michelle Yeoh,The Owl vs Bombo
Michelle Yeoh,The Oscars
Michelle Yeoh,Today
Michelle Yeoh,Star Trek: Section 31
Michelle Yeoh,Billion Dollar Whale
Michelle Yeoh,Final Recipe
Michelle Yeoh,My Fair Gentleman
Michelle Yeoh,Silver Hawk
Michelle Yeoh,The Touch
Michelle Yeoh,The Touch
Randall Archer,The Guardians of the Galaxy Holiday Special
Randall Archer,Wrath of Man
Randall Archer,Cooties
Randall Archer,Bounty Killer
Randall Archer,Alice in Wonderland
Randall Archer,Only The Brave
Randall Archer,Ultraviolet
Randall Archer,Cement
Randall Archer,Everything Everywhere All at Once
Randall Archer,Greenland
Randall Archer,K.C. Undercover
Randall Archer,The Collection
Cara Marie Chooljian,Blue Beetle
Cara Marie Chooljian,Hawkeye
Cara Marie Chooljian,Tenet
Cara Marie Chooljian,The Hunt
Cara Marie Chooljian,Everything Everywhere All at Once
Dan Brown,Babylon
Dan Brown,Spider-Man: Homecoming
Dan Brown,Westworld
Dan Brown,Lethal Weapon
Dan Brown,Swiss Army Man
Dan Brown,Maze Runner: The Scorch Trials
Dan Brown,Interstellar
Dan Brown,Divergent
Dan Brown,Iron Man 3
Dan Brown,The Call
Dan Brown,Gangster Squad
Dan Brown,The Master
Dan Brown,The Dark Knight Rises
Dan Brown,Captain America: The First Avenger
Dan Brown,The Social Network
Dan Brown,Killers
Dan Brown,Starstruck
Dan Brown,Lonely Street
Dan Brown,Everything Everywhere All at Once
Dan Brown,Scorpion
Dan Brown,Iron Man 3
Dan Brown,State of Play
Anthony Molinari,Lola James
Anthony Molinari,The Last Deal
Anthony Molinari,Chip 'n Dale: Rescue Rangers
Anthony Molinari,The Survivor
Anthony Molinari,Everything Everywhere All at Once
Anthony Molinari,Licorice Pizza
Anthony Molinari,The Forever Purge
Anthony Molinari,Wrath of Man
Anthony Molinari,Mank
Anthony Molinari,Tenet
Anthony Molinari,The Rental
Anthony Molinari,Perry Mason
Anthony Molinari,The Call of the Wild
Anthony Molinari,Birds of Prey (and the Fantabulous Emancipation of One Harley Quinn)
Anthony Molinari,Bad Boys for Life
Anthony Molinari,Truth Be Told
Anthony Molinari,Spider-Man: Far From Home
Anthony Molinari,Captain Marvel
Anthony Molinari,The Rookie
Anthony Molinari,Magnum P.I.
Anthony Molinari,Barry
Anthony Molinari,SEAL Team
Anthony Molinari,Live by Night
Anthony Molinari,Patriots Day
Anthony Molinari,Jack Reacher: Never Go Back
Anthony Molinari,Westworld
Anthony Molinari,Hands of Stone
Anthony Molinari,Jason Bourne
Anthony Molinari,Central Intelligence
Anthony Molinari,Rush Hour
Anthony Molinari,Black Mass
Anthony Molinari,Bosch
Anthony Molinari,Scorpion
Anthony Molinari,True Detective
Anthony Molinari,Eagleheart: Paradise Rising
Anthony Molinari,Brooklyn Nine-Nine
Anthony Molinari,Now You See Me
Anthony Molinari,Gangster Squad
Anthony Molinari,21 Jump Street
Anthony Molinari,The Fighter
Anthony Molinari,Meteor
Anthony Molinari,Angels & Demons
Anthony Molinari,Chuck
Anthony Molinari,Dragon Wars: D-War
Anthony Molinari,Rent
Anthony Molinari,Crossing Jordan
Anthony Molinari,Charmed
Anthony Molinari,Horizon: An American Saga - Chapter 2
Anthony Molinari,Chip 'n Dale: Rescue Rangers
Anthony Molinari,Wrath of Man
Anthony Molinari,WandaVision
Anthony Molinari,Birds of Prey (and the Fantabulous Emancipation of One Harley Quinn)
Anthony Molinari,Seberg
Anthony Molinari,Ford v Ferrari
Anthony Molinari,Westworld
Anthony Molinari,Jason Bourne
Anthony Molinari,The Conjuring 2
Anthony Molinari,The Possession of Michael King
Anthony Molinari,Now You See Me
Anthony Molinari,The Dark Knight Rises
Anthony Molinari,The Avengers
Anthony Molinari,Drive Angry
Anthony Molinari,The Fighter
Anthony Molinari,Sympathy for Delicious
Anthony Molinari,Lonely Street
Anthony Molinari,Reservation Road
Anthony Molinari,Black Water
Anthony Molinari,Just Like Heaven
Anthony Molinari,House
Anthony Molinari,A Cinderella Story
Anthony Molinari,Crossing Jordan
Anthony Molinari,CSI: Crime Scene Investigation
Anthony Molinari,Charmed
Anthony Molinari,The Last Deal
Craig Henningsen,Everything Everywhere All at Once
Craig Henningsen,Bright
Craig Henningsen,Logan
Craig Henningsen,Jack Reacher: Never Go Back
Craig Henningsen,Colony
Craig Henningsen,Close Range
Craig Henningsen,Marvel's Daredevil
Craig Henningsen,Run
Craig Henningsen,Feast III: The Happy Finish
Craig Henningsen,Everything Everywhere All at Once
Craig Henningsen,Malignant
Craig Henningsen,WandaVision
Craig Henningsen,Tenet
Craig Henningsen,Birds of Prey (and the Fantabulous Emancipation of One Harley Quinn)
Craig Henningsen,Jumanji: The Next Level
Craig Henningsen,Aquaman
Craig Henningsen,The Wall
Craig Henningsen,Divergent
Chelsey Goldsmith,Black Belts
Chelsey Goldsmith,Everything Everywhere All at Once
Chelsey Goldsmith,Everything Everywhere All at Once
Neravana Cabral,Everything Everywhere All at Once
Andy Le,Everything Everywhere All at Once
Andy Le,Shang-Chi and the Legend of the Ten Rings
Andy Le,Marvel Studios Assembled
Andy Le,The Paper Tigers
Andy Le,Wu-Tang: An American Saga
Andy Le,Case Closed
Andy Le,Luc Van Tien: Kung Fu Warrior
Andy Le,Slug Street Scrappers: Beat Em Up
Andy Le,Slug Street Scrappers: Rise of Ryuken
Brian Le,American Born Chinese
Brian Le,Shadow Master
Brian Le,Everything Everywhere All at Once
Brian Le,The Paper Tigers
Brian Le,Wu-Tang: An American Saga
Brian Le,Case Closed
Brian Le,Slug Street Scrappers: Beat Em Up
Brian Le,Bullet Train
Aaron Lazar,A New Brain
Aaron Lazar,Everything Everywhere All at Once
Aaron Lazar,Filthy Rich
Aaron Lazar,Avengers: Endgame
Aaron Lazar,Yellowstone
Aaron Lazar,Avengers: Infinity War
Aaron Lazar,The Good Fight
Aaron Lazar,Photo Op
Aaron Lazar,Quantico
Aaron Lazar,This Is Where I Leave You
Aaron Lazar,The Strain
Aaron Lazar,Girl Meets World
Aaron Lazar,The Wolf of Wall Street
Aaron Lazar,The Blacklist
Aaron Lazar,The Following
Aaron Lazar,J. Edgar
Aaron Lazar,Person of Interest
Aaron Lazar,Unforgettable
Aaron Lazar,Company
Aaron Lazar,Blue Bloods
Aaron Lazar,White Collar
Aaron Lazar,The Light in the Piazza (Live from Lincoln Center)
Aaron Lazar,The Notorious Bettie Page
Aaron Lazar,Tony Awards
Sunita Mani,Fait Accompli: Episode 1: Caused
Sunita Mani,Please Don't Destroy: The Treasure of Foggy Mountain
Sunita Mani,Scavengers Reign
Sunita Mani,You Hurt My Feelings
Sunita Mani,Bupkis
Sunita Mani,Wilder Than Her
Sunita Mani,Spirited
Sunita Mani,Everything Everywhere All at Once
Sunita Mani,We Baby Bears
Sunita Mani,Ultra City Smiths
Sunita Mani,Scenes from a Marriage
Sunita Mani,The Outside Story
Sunita Mani,Save Yourselves!
Sunita Mani,Evil Eye
Sunita Mani,Three Busy Debras
Sunita Mani,Servant
Sunita Mani,Helpsters
Sunita Mani,Others
Sunita Mani,Dick Pics! (A Documentary)
Sunita Mani,The Death of Dick Long
Sunita Mani,Can You Keep a Secret?
Sunita Mani,Wine Country
Sunita Mani,Regulation
Sunita Mani,Madeline's Madeline
Sunita Mani,Summer Camp Island
Sunita Mani,Alpha Squadron
Sunita Mani,No Activity
Sunita Mani,GLOW
Sunita Mani,Snowy Bing Bongs Across the North Star Combat Zone
Sunita Mani,Sweet Parents
Sunita Mani,"Blue, Blue"
Sunita Mani,Search Party
Sunita Mani,Dream Corp LLC
Sunita Mani,Little Sister
Sunita Mani,The Good Place
Sunita Mani,Don't Think Twice
Sunita Mani,Cast Party
Sunita Mani,Mr. Robot
Sunita Mani,3rd Street Blackout
Sunita Mani,Abby Singer/Songwriter
Sunita Mani,Last Week Tonight with John Oliver
Sunita Mani,Joy Kevin
Sunita Mani,Sardines out of a Can
Sunita Mani,"See You Then, Then"
Sunita Mani,White Strips
Sunita Mani,The Unspeakable Act
Sunita Mani,Person of Interest
Sunita Mani,Danger: High Voltage
Sunita Mani,Snowy Bing Bongs Across the North Star Combat Zone
Sunita Mani,White Strips
Biff Wiff,Jury Duty
Biff Wiff,Self Reliance
Biff Wiff,Kiff
Biff Wiff,Night Court
Biff Wiff,Everything Everywhere All at Once
Biff Wiff,Hard Luck Love Song
Biff Wiff,DAVE
Biff Wiff,I Think You Should Leave with Tim Robinson
Biff Wiff,PEN15
Biff Wiff,Homecoming
Biff Wiff,Room 104
Biff Wiff,Westworld
Biff Wiff,Speechless
Biff Wiff,Life in Pieces
Biff Wiff,Silicon Valley
Biff Wiff,Brooklyn Nine-Nine
Biff Wiff,Wyatt Earp's Revenge
Biff Wiff,Pretty Little Liars
Biff Wiff,Haunted Echoes
Biff Wiff,iCarly
Biff Wiff,It's Always Sunny in Philadelphia
Biff Wiff,NCIS
Biff Wiff,Crossing Jordan
Biff Wiff,Mockingbird Don't Sing
Biff Wiff,Roswell
Biff Wiff,The Adventures of Young Brave
Biff Wiff,Little Nikita
Biff Wiff,Night Court
Harry Shum Jr.,China Rich Girlfriend
Harry Shum Jr.,Untitled 'Crazy Rich Asians' Spin-Off
Harry Shum Jr.,Blue Eye Samurai
Harry Shum Jr.,The Hummingbird Effect
Harry Shum Jr.,Legion of Super-Heroes
Harry Shum Jr.,Everything Everywhere All at Once
Harry Shum Jr.,Step Into… The Movies with Derek and Julianne Hough
Harry Shum Jr.,Love Hard
Harry Shum Jr.,Broadcast Signal Intrusion
Harry Shum Jr.,All My Life
Harry Shum Jr.,Star Trek: Lower Decks
Harry Shum Jr.,Burn
Harry Shum Jr.,Escape Plan: The Extractors
Harry Shum Jr.,Heart of Life
Harry Shum Jr.,Tell Me a Story
Harry Shum Jr.,Crazy Rich Asians
Harry Shum Jr.,Station 19
Harry Shum Jr.,Single by 30
Harry Shum Jr.,"Crouching Tiger, Hidden Dragon: Sword of Destiny"
Harry Shum Jr.,Shadowhunters
Harry Shum Jr.,Fire City: End of Days
Harry Shum Jr.,Revenge of the Green Dragons
Harry Shum Jr.,Moms' Night Out
Harry Shum Jr.,Caper
Harry Shum Jr.,Singin' in the Rain: Raining on a New Generation
Harry Shum Jr.,The Eric Andre Show
Harry Shum Jr.,Already Gone
Harry Shum Jr.,White Frog
Harry Shum Jr.,Glee: The Concert Movie
Harry Shum Jr.,The Glee Project
Harry Shum Jr.,Glee Encore
Harry Shum Jr.,Mortal Kombat: Legacy
Harry Shum Jr.,Nuthin' But a Glee Thang
Harry Shum Jr.,3 Minutes
Harry Shum Jr.,The Fran Drescher Show
Harry Shum Jr.,Step Up 3D
Harry Shum Jr.,The Legion of Extraordinary Dancers
Harry Shum Jr.,Our Family Wedding
Harry Shum Jr.,Glee
Harry Shum Jr.,iCarly: iGo to Japan
Harry Shum Jr.,Rita Rocks
Harry Shum Jr.,The Onion Movie
Harry Shum Jr.,Step Up 2: The Streets
Harry Shum Jr.,iCarly
Harry Shum Jr.,Greek
Harry Shum Jr.,Grey's Anatomy
Harry Shum Jr.,Zoey 101
Harry Shum Jr.,Committed
Harry Shum Jr.,You Got Served: Take it to the Streets
Harry Shum Jr.,Broadcast Signal Intrusion
Jenny Slate,The Electric State
Jenny Slate,Mindful
Jenny Slate,The Ark and the Aardvark
Jenny Slate,It Ends With Us
Jenny Slate,Adventure Time: Fionna & Cake
Jenny Slate,Minions & More Volume 2
Jenny Slate,Marcel the Shell with Shoes On
Jenny Slate,The Bob's Burgers Movie
Jenny Slate,Everything Everywhere All at Once
Jenny Slate,I Want You Back
Jenny Slate,The Great North
Jenny Slate,On the Rocks
Jenny Slate,The Sunlit Night
Jenny Slate,Jenny Slate: Stage Fright
Jenny Slate,A Little Late with Lilly Singh
Jenny Slate,Super Gidget
Jenny Slate,The Secret Life of Pets 2
Jenny Slate,The Lonely Island Presents: The Unauthorized Bash Brothers Experience
Jenny Slate,The Lego Movie 2: The Second Part
Jenny Slate,Venom
Jenny Slate,Hotel Artemis
Jenny Slate,Aardvark
Jenny Slate,Muppet Babies
Jenny Slate,Muppet Babies: Show and Tell
Jenny Slate,Big Mouth
Jenny Slate,Comrade Detective
Jenny Slate,Landline
Jenny Slate,Despicable Me 3
Jenny Slate,Batman Is Just Not That Into You
Jenny Slate,Gifted
Jenny Slate,Brain on Fire
Jenny Slate,The Lego Batman Movie
Jenny Slate,The Polka King
Jenny Slate,My Blind Brother
Jenny Slate,David: Story of David
Jenny Slate,Joshy
Jenny Slate,Zoolander: Super Model
Jenny Slate,The Secret Life of Pets
Jenny Slate,Lady Dynamite
Jenny Slate,Zootopia
Jenny Slate,Digging for Fire
Jenny Slate,The Late Late Show with James Corden
Jenny Slate,Star vs. the Forces of Evil
Jenny Slate,9 Kisses
Jenny Slate,Dan Klein: This Is Comedy
Jenny Slate,"Marcel the Shell with Shoes On, Three"
Jenny Slate,The Longest Week
Jenny Slate,Married
Jenny Slate,Catherine
Jenny Slate,Obvious Child
Jenny Slate,Clarence
Jenny Slate,Late Night with Seth Meyers
Jenny Slate,The Tonight Show Starring Jimmy Fallon
Jenny Slate,Off Camera with Sam Jones
Jenny Slate,Crush
Jenny Slate,B*tch
Jenny Slate,Hello Ladies
Jenny Slate,Brooklyn Nine-Nine
Jenny Slate,Drunk History
Jenny Slate,Kroll Show
Jenny Slate,Smile
Jenny Slate,The Lorax
Jenny Slate,This Means War
Jenny Slate,Alvin and the Chipmunks: Chipwrecked
Jenny Slate,"Marcel the Shell with Shoes On, Two"
Jenny Slate,Self Esteem
Jenny Slate,Bob's Burgers
Jenny Slate,Marcel the Shell with Shoes On
Jenny Slate,Conan
Jenny Slate,The Women of SNL
Jenny Slate,Adventure Time
Jenny Slate,Ugly Americans
Jenny Slate,Brothers
Jenny Slate,The Great Debate
Jenny Slate,Parks and Recreation
Jenny Slate,100 Greatest One Hit Wonders of the 80s
Jenny Slate,Obvious Child
Jenny Slate,Saturday Night Live Weekend Update Thursday
Jenny Slate,The Daily Show
Jenny Slate,The Simpsons
Jenny Slate,LIVE with Kelly and Mark
Jenny Slate,Saturday Night Live
Jenny Slate,Marcel the Shell with Shoes On
Jenny Slate,Jenny Slate: Stage Fright
Jenny Slate,"Marcel the Shell with Shoes On, Three"
Jenny Slate,Catherine
Jenny Slate,"Marcel the Shell with Shoes On, Two"
Jenny Slate,Self Esteem
Jenny Slate,Marcel the Shell with Shoes On
Jenny Slate,Marcel the Shell with Shoes On
Jenny Slate,The Sunlit Night
Jenny Slate,Jenny Slate: Stage Fright
Jenny Slate,Landline
Jenny Slate,Obvious Child
Amanda MacLeod,MaXXXine
Amanda MacLeod,Spin The Bottle
Amanda MacLeod,Avatar: The Way of Water
Amanda MacLeod,Bromates
Amanda MacLeod,Hocus Pocus 2
Amanda MacLeod,The Ballerina
Amanda MacLeod,VHYes
Amanda MacLeod,Everything Everywhere All at Once
Randy Newman,Piano Cinéma
Randy Newman,Monsters at Work
Randy Newman,Marriage Story
Randy Newman,Toy Story 4
Randy Newman,The Meyerowitz Stories (New and Selected)
Randy Newman,Cars 3
Randy Newman,Monsters University
Randy Newman,Toy Story 3
Randy Newman,Buzz Lightyear Mission Logs
Randy Newman,The Princess and the Frog
Randy Newman,Leatherheads
Randy Newman,Cars
Randy Newman,Meet the Fockers
Randy Newman,Seabiscuit
Randy Newman,Mike's New Car
Randy Newman,"Monsters, Inc."
Randy Newman,Meet the Parents
Randy Newman,Toy Story 2
Randy Newman,You've Got Mail
Randy Newman,A Bug's Life
Randy Newman,Babe: Pig in the City
Randy Newman,Pleasantville
Randy Newman,Cats Don't Dance
Randy Newman,Michael
Randy Newman,James and the Giant Peach
Randy Newman,Toy Story
Randy Newman,Maverick
Randy Newman,The Paper
Randy Newman,Awakenings
Randy Newman,Avalon
Randy Newman,Parenthood
Randy Newman,Major League
Randy Newman,Her Alibi
Randy Newman,Madeline
Randy Newman,Overboard
Randy Newman,Darlin' Clementine
Randy Newman,The Natural
Randy Newman,Ragtime
Randy Newman,Cold Turkey
Randy Newman,Performance
Randy Newman,Everything Everywhere All at Once
Randy Newman,Popular Voices at the BBC
Randy Newman,Joe Cocker - Mad Dog with Soul
Randy Newman,Score: A Film Music Documentary
Randy Newman,Toy Story at 20: To Infinity and Beyond
Randy Newman,The Tonight Show Starring Jimmy Fallon
Randy Newman,Randy Newman: Live in Germany 2006
Randy Newman,Hollywood in Vienna
Randy Newman,Hamburg Journal
Randy Newman,Who Is Harry Nilsson (And Why Is Everybody Talkin' About Him?)
Randy Newman,Randy Newman: Live in London
Randy Newman,All You Need Is Klaus
Randy Newman,Magic in the Bayou: The Making of a Princess
Randy Newman,The Princess and the Frog
Randy Newman,The Boys: The Sherman Brothers' Story
Randy Newman,Fats Domino: Walkin' Back to New Orleans
Randy Newman,Lyle Lovett - In Concert
Randy Newman,The Pixar Story
Randy Newman,The Art of Imagination: A Tribute to Oz
Randy Newman,The Colbert Report
Randy Newman,A Concert for Hurricane Relief
Randy Newman,"I Am, Unfortunately, Randy Newman"
Randy Newman,Ally McBeal
Randy Newman,The Story Behind 'Toy Story'
Randy Newman,3rd Rock from the Sun
Randy Newman,Making 'Toy Story'
Randy Newman,Late Night with Conan O'Brien
Randy Newman,The Tonight Show with Jay Leno
Randy Newman,Prince: Musical Portrait
Randy Newman,Darlin' Clementine
Randy Newman,Tall Tales & Legends
Randy Newman,Randy Newman: At the Odeon
Randy Newman,Saturday Night Live
Randy Newman,Rock Concert
Randy Newman,The Midnight Special
Randy Newman,The Oscars
Randy Newman,¡Three Amigos!
Hiroshi Yada,Crank: High Voltage
Hiroshi Yada,Everything Everywhere All at Once
Hiroshi Yada,300
Anthony Nanakornpanom,Weird: The Al Yankovic Story
Anthony Nanakornpanom,Everything Everywhere All at Once
Anthony Nanakornpanom,Birds of Prey (and the Fantabulous Emancipation of One Harley Quinn)
Anthony Nanakornpanom,Too Old to Die Young
Anthony Nanakornpanom,The Rookie
Anthony Nanakornpanom,Ozark
Anthony Nanakornpanom,GLOW
Anthony Nanakornpanom,Logan
Anthony Nanakornpanom,Rush Hour
Anthony Nanakornpanom,Black Salt
Anthony Nanakornpanom,Supergirl
Anthony Nanakornpanom,Project: S.E.R.A.
Anthony Nanakornpanom,Eagleheart: Paradise Rising
Anthony Nanakornpanom,Warrior
Anthony Nanakornpanom,Castle
Anthony Nanakornpanom,Broken Path
Anthony Nanakornpanom,The Last Eve
Anthony Nanakornpanom,Shadow Force
Anthony Nanakornpanom,Ghosted
Anthony Nanakornpanom,Weird: The Al Yankovic Story
Anthony Nanakornpanom,Bullet Train
Anthony Nanakornpanom,The Gray Man
Anthony Nanakornpanom,Everything Everywhere All at Once
Anthony Nanakornpanom,Reminiscence
Anthony Nanakornpanom,Jungle Cruise
Anthony Nanakornpanom,Init!ation
Anthony Nanakornpanom,Birds of Prey (and the Fantabulous Emancipation of One Harley Quinn)
Anthony Nanakornpanom,Bird Box
Anthony Nanakornpanom,Peppermint
Anthony Nanakornpanom,Avengers: Infinity War
Anthony Nanakornpanom,Altitude
Anthony Nanakornpanom,John Wick: Chapter 2
Anthony Nanakornpanom,Westworld
Anthony Nanakornpanom,Lethal Weapon
Anthony Nanakornpanom,The Sea of Trees
Anthony Nanakornpanom,The Librarians
Anthony Nanakornpanom,V/H/S: Viral
Anthony Nanakornpanom,Scorpion
Anthony Nanakornpanom,Vicious Circles
Anthony Nanakornpanom,Iron Man 3
Anthony Nanakornpanom,Ek Tha Tiger
Anthony Nanakornpanom,The Girl from the Naked Eye
Anthony Nanakornpanom,The Strange Thing About the Johnsons
Anthony Nanakornpanom,The Expendables
Anthony Nanakornpanom,Angel of Death
Anthony Nanakornpanom,Fast & Furious
Anthony Nanakornpanom,Broken Path
Anthony Nanakornpanom,Scrubs
Anthony Nanakornpanom,CSI: Crime Scene Investigation
Timothy Ralston,Apocalypto
Timothy Ralston,Return of the Living Dead III
Timothy Ralston,Friday the 13th Part VII: The New Blood
Timothy Ralston,Everything Everywhere All at Once
Timothy Ralston,Return of the Living Dead III
Jason Hamer,Uncanny
Jason Hamer,Gamer
Jason Hamer,The Time Traveler's Wife
Jason Hamer,The Stoning of Soraya M.
Jason Hamer,Crank: High Voltage
Jason Hamer,Unearthed
Jason Hamer,Apocalypto
Jason Hamer,Stay
Jason Hamer,Spider-Man 2
Jason Hamer,Everything Everywhere All at Once
Jason Hamer,The Passing
Jason Hamer,Ten 'til Noon
Jason Hamer,Criminal Minds
Jason Hamer,Heartlands
Jason Hamer,TheCampusHouse.com
Jason Hamer,Warriors of Virtue
Jason Hamer,Swiss Army Man
Jason Hamer,Welcome to Collinwood
Jason Hamer,The Skeleton Key
Jane Lui,Everything Everywhere All at Once
Jane Lui,Chicago Med
Michiko Nishiwaki,Everything Everywhere All at Once
Michiko Nishiwaki,Afro Ninja
Michiko Nishiwaki,Ghost Rock
Michiko Nishiwaki,Charlie's Angels
Michiko Nishiwaki,Man on the Moon
Michiko Nishiwaki,Top Fighter 2
Michiko Nishiwaki,Woman Killer's Rampage
Michiko Nishiwaki,The Avenging Quartet
Michiko Nishiwaki,City on Fire
Michiko Nishiwaki,Whore & Policewoman
Michiko Nishiwaki,Passionate Killing in the Dream
Michiko Nishiwaki,Angel Terminators
Michiko Nishiwaki,Hero Dream
Michiko Nishiwaki,The Mighty Gambler
Michiko Nishiwaki,Big Circle Blues
Michiko Nishiwaki,Raiders of Losing Treasure
Michiko Nishiwaki,The Real Me
Michiko Nishiwaki,Witchcraft vs. Curse
Michiko Nishiwaki,King of Gambler
Michiko Nishiwaki,Magic Cop
Michiko Nishiwaki,Outlaw Brothers
Michiko Nishiwaki,Widow Warriors
Michiko Nishiwaki,The Dragon Fighter
Michiko Nishiwaki,The Best of the Martial Arts Films
Michiko Nishiwaki,God of Gamblers
Michiko Nishiwaki,Princess Madam
Michiko Nishiwaki,City Cops
Michiko Nishiwaki,In the Line of Duty 3
Michiko Nishiwaki,Young Lady Detectives: Heart Beat!
Michiko Nishiwaki,Dimensional Warrior Spielban
Michiko Nishiwaki,My Lucky Stars
Michiko Nishiwaki,Resident Evil: Extinction
Michiko Nishiwaki,Mission: Impossible III
Michiko Nishiwaki,Memoirs of a Geisha
Michiko Nishiwaki,Collateral
Michiko Nishiwaki,Kill Bill: Vol. 2
Michiko Nishiwaki,Forbidden Warrior
Michiko Nishiwaki,Kill Bill: Vol. 1
Michiko Nishiwaki,The Scorpion King
Michiko Nishiwaki,Charlie's Angels
Michiko Nishiwaki,Play It to the Bone
Michiko Nishiwaki,Man on the Moon
Michiko Nishiwaki,Blade
Michiko Nishiwaki,Brave New World
Michiko Nishiwaki,Red Corner
Daniel Scheinert,Everything Everywhere All at Once
Daniel Scheinert,Omniboat: A Fast Boat Fantasia
Daniel Scheinert,The Death of Dick Long
Daniel Scheinert,On Becoming a God in Central Florida
Daniel Scheinert,Swiss Army Man
Daniel Scheinert,The Pound Hole
Daniel Scheinert,Interesting Ball
Daniel Scheinert,Possibilia
Daniel Scheinert,Broomshakalaka
Daniel Scheinert,Pockets
Daniel Scheinert,My Best Friend's Wedding/My Best Friend's Sweating
Daniel Scheinert,Puppets
Daniel Scheinert,Dogboarding
Daniel Scheinert,Happy Holidays
Daniel Scheinert,Fast
Daniel Scheinert,Tides of the Heart
Daniel Scheinert,Swingers
Daniel Scheinert,Infomercials
Daniel Scheinert,Trust
Daniel Scheinert,I'm Nostalgic
Daniel Scheinert,Everything Everywhere All at Once
Daniel Scheinert,Omniboat: A Fast Boat Fantasia
Daniel Scheinert,Swiss Army Man
Daniel Scheinert,Interesting Ball
Daniel Scheinert,Possibilia
Daniel Scheinert,Pockets
Daniel Scheinert,My Best Friend's Wedding/My Best Friend's Sweating
Daniel Scheinert,Puppets
Daniel Scheinert,Dogboarding
Daniel Scheinert,Happy Holidays
Daniel Scheinert,Tides of the Heart
Daniel Scheinert,Swingers
Daniel Scheinert,Trust
Daniel Scheinert,Everything Everywhere All at Once
Daniel Scheinert,The Death of Dick Long
Daniel Scheinert,Learned Behavior: Special Features at Work
Daniel Scheinert,The Late Show with Stephen Colbert
Daniel Scheinert,Interesting Ball
Daniel Scheinert,Pockets
Daniel Scheinert,My Best Friend's Wedding/My Best Friend's Sweating
Daniel Scheinert,Puppets
Daniel Scheinert,Tides of the Heart
Daniel Scheinert,Swingers
Daniel Scheinert,Danger: High Voltage
Daniel Scheinert,The Oscars
Daniel Scheinert,Mason
Daniel Scheinert,Everything Everywhere All at Once
Daniel Scheinert,The Death of Dick Long
Daniel Scheinert,Snowy Bing Bongs Across the North Star Combat Zone
Daniel Scheinert,Interesting Ball
Daniel Scheinert,Broomshakalaka
Daniel Scheinert,Puppets
Daniel Scheinert,"Tim and Eric Awesome Show, Great Job! Chrimbus Special"
Daniel Scheinert,I'm Nostalgic
Daniel Scheinert,G-Man’s Big Case #1
Timothy Eulich,Everything Everywhere All at Once
Timothy Eulich,Dog
Timothy Eulich,Swiss Army Man
Timothy Eulich,Jurassic World
Timothy Eulich,K.C. Undercover
Timothy Eulich,The Librarians
Timothy Eulich,Interesting Ball
Timothy Eulich,Wish Fulfillment
Timothy Eulich,True Blood
Timothy Eulich,Chuck
Timothy Eulich,To Have and to Hold
Timothy Eulich,Babylon
Timothy Eulich,Everything Everywhere All at Once
Timothy Eulich,The Sky Is Everywhere
Timothy Eulich,The Free Fall
Timothy Eulich,Spider-Man: No Way Home
Timothy Eulich,A Loud House Christmas
Timothy Eulich,A Quiet Place Part II
Timothy Eulich,Hubie Halloween
Timothy Eulich,Tenet
Timothy Eulich,The Vanished
Timothy Eulich,Project Power
Timothy Eulich,Lying and Stealing
Timothy Eulich,Spider-Man: Far From Home
Timothy Eulich,Captain Marvel
Timothy Eulich,Bird Box
Timothy Eulich,Nightmare Cinema
Timothy Eulich,American Assassin
Timothy Eulich,You Get Me
Timothy Eulich,Boone: The Bounty Hunter
Timothy Eulich,Live by Night
Timothy Eulich,The Great Wall
Timothy Eulich,Westworld
Timothy Eulich,Lights Out
Timothy Eulich,Swiss Army Man
Timothy Eulich,Maze Runner: The Scorch Trials
Timothy Eulich,Bloodsucking Bastards
Timothy Eulich,Jurassic World
Timothy Eulich,The Librarians
Timothy Eulich,Scorpion
Timothy Eulich,Veronica Mars
Timothy Eulich,The Moving Picture Co. 1914
Timothy Eulich,Bounty Killer
Timothy Eulich,Sparks
Timothy Eulich,Red Dawn
Timothy Eulich,Project X
Timothy Eulich,Fred 2: Night of the Living Fred
Timothy Eulich,Captain America: The First Avenger
Timothy Eulich,Best Player
Timothy Eulich,The Key Man
Timothy Eulich,Hereafter
Timothy Eulich,Scooby-Doo! Curse of the Lake Monster
Timothy Eulich,Hard Breakers
Timothy Eulich,2012
Timothy Eulich,Don't Look Up
Timothy Eulich,Hellbinders
Timothy Eulich,"Merry Christmas, Drake & Josh"
Timothy Eulich,Twilight
Timothy Eulich,Deadgirl
Timothy Eulich,The Mummy: Tomb of the Dragon Emperor
Timothy Eulich,Indiana Jones and the Kingdom of the Crystal Skull
Timothy Eulich,Wasting Away
Timothy Eulich,The Guild
Timothy Eulich,Fall Down Dead
Timothy Eulich,Torchwood
Timothy Eulich,CSI: Crime Scene Investigation
Boon Pin Koh,Everything Everywhere All at Once
Boon Pin Koh,Lonely Blue Night
Boon Pin Koh,9-1-1
Boon Pin Koh,Apprentice
Boon Pin Koh,Wanton Mee
Boon Pin Koh,In the Room
Boon Pin Koh,12 Storeys
Dylan Henry Lau,Everything Everywhere All at Once
Dylan Henry Lau,We Can Be Heroes
Dylan Henry Lau,Paper Tiger
Dylan Henry Lau,"Oh Jerome, No"
Li Jing,Everything Everywhere All at Once
Li Jing,Angels Fallen
Li Jing,Autumn Gem
Li Jing,Max Havoc: Curse Of The Dragon
Audrey Wasilewski,Fancy Dance
Audrey Wasilewski,The Rookie: Feds
Audrey Wasilewski,The Road to Galena
Audrey Wasilewski,Doctor Strange in the Multiverse of Madness
Audrey Wasilewski,Everything Everywhere All at Once
Audrey Wasilewski,Alice's Wonderland Bakery
Audrey Wasilewski,North Star
Audrey Wasilewski,Mosquito State
Audrey Wasilewski,Infinity Train
Audrey Wasilewski,DC Showcase: Sgt. Rock
Audrey Wasilewski,Sterling
Audrey Wasilewski,Homecoming
Audrey Wasilewski,A Crooked Somebody
Audrey Wasilewski,Scooby-Doo! and the Gourmet Ghost
Audrey Wasilewski,Summer Camp Island
Audrey Wasilewski,Hotel Transylvania 3: Summer Vacation
Audrey Wasilewski,My Dead Ex
Audrey Wasilewski,Good Girls
Audrey Wasilewski,Lego DC Comics Super Heroes: The Flash
Audrey Wasilewski,9-1-1
Audrey Wasilewski,Ghosted
Audrey Wasilewski,Young Sheldon
Audrey Wasilewski,Sequence Break
Audrey Wasilewski,Tom and Jerry: Willy Wonka and the Chocolate Factory
Audrey Wasilewski,Lethal Weapon
Audrey Wasilewski,Hotel Transylvania 2
Audrey Wasilewski,Over the Garden Wall
Audrey Wasilewski,The Boxcar Children
Audrey Wasilewski,Return to Zero
Audrey Wasilewski,Clarence
Audrey Wasilewski,Breadwinners
Audrey Wasilewski,Brooklyn Nine-Nine
Audrey Wasilewski,Star Trek Into Darkness
Audrey Wasilewski,Our New Electrical Morals
Audrey Wasilewski,Santa Paws 2: The Santa Pups
Audrey Wasilewski,The Mindy Project
Audrey Wasilewski,Scandal
Audrey Wasilewski,The Christmas Pageant
Audrey Wasilewski,Last Man Standing
Audrey Wasilewski,RED
Audrey Wasilewski,Outsourced
Audrey Wasilewski,Sym-Bionic Titan
Audrey Wasilewski,Scooby-Doo! Mystery Incorporated
Audrey Wasilewski,Lying to Be Perfect
Audrey Wasilewski,Garfield's Pet Force
Audrey Wasilewski,Unstable Fables: Goldilocks and the Three Bears
Audrey Wasilewski,Hesher
Audrey Wasilewski,The Garfield Show
Audrey Wasilewski,"Clear Lake, WI"
Audrey Wasilewski,Random! Cartoons
Audrey Wasilewski,The Penguins of Madagascar
Audrey Wasilewski,Garfield's Fun Fest
Audrey Wasilewski,Unstable Fables: 3 Pigs and a Baby
Audrey Wasilewski,Garfield Gets Real
Audrey Wasilewski,Mad Men
Audrey Wasilewski,Evan Almighty
Audrey Wasilewski,Year of the Dog
Audrey Wasilewski,Monster Safari
Audrey Wasilewski,Barnyard
Audrey Wasilewski,Queer Duck: The Movie
Audrey Wasilewski,The Wild
Audrey Wasilewski,Criminal Minds
Audrey Wasilewski,Bones
Audrey Wasilewski,My Life as a Teenage Robot: Escape from Cluster Prime
Audrey Wasilewski,Stewie Griffin: The Untold Story
Audrey Wasilewski,Miss Congeniality 2: Armed and Fabulous
Audrey Wasilewski,The Clearing
Audrey Wasilewski,Wonderfalls
Audrey Wasilewski,Catch That Kid
Audrey Wasilewski,Something's Gotta Give
Audrey Wasilewski,NCIS
Audrey Wasilewski,My Life as a Teenage Robot
Audrey Wasilewski,Without a Trace
Audrey Wasilewski,Terminal Error
Audrey Wasilewski,Monk
Audrey Wasilewski,The Nightmare Room
Audrey Wasilewski,What Women Want
Audrey Wasilewski,FreakyLinks
Audrey Wasilewski,Gilmore Girls
Audrey Wasilewski,Scooby-Doo and the Alien Invaders
Audrey Wasilewski,The West Wing
Audrey Wasilewski,Lost & Found
Audrey Wasilewski,Family Guy
Audrey Wasilewski,Charmed
Audrey Wasilewski,V.I.P.
Audrey Wasilewski,Oh Baby
Audrey Wasilewski,Push
Audrey Wasilewski,Gia
Audrey Wasilewski,"Sabrina, the Teenage Witch"
Audrey Wasilewski,7th Heaven
Audrey Wasilewski,Friends
Audrey Wasilewski,Diagnosis: Murder
Audrey Wasilewski,Columbo
Audrey Wasilewski,Bliss
Audrey Wasilewski,Sequence Break
Audrey Wasilewski,Sequence Break
Peter Banifaz,Fine Dining
Peter Banifaz,Everything Everywhere All at Once
Peter Banifaz,Perry Mason
Peter Banifaz,Steel Cut Oats
Peter Banifaz,"Don't Worry, He Won't Get Far on Foot"
Peter Banifaz,Can't Buy My Love
Peter Banifaz,Lethal Weapon
Peter Banifaz,Captain America: Civil War Reenactors
Peter Banifaz,"Hail, Caesar!"
Peter Banifaz,Angel from Hell
Peter Banifaz,Superstore
Peter Banifaz,Crazy Ex-Girlfriend
Peter Banifaz,Life in Pieces
Peter Banifaz,Game Shakers
Peter Banifaz,Lola's Last Letter
Peter Banifaz,Beginner's Luck
Peter Banifaz,Mom
Peter Banifaz,Brooklyn Nine-Nine
Peter Banifaz,Veep
Peter Banifaz,Shameless
Peter Banifaz,Bones
Efka Kvaraciejus,The Company You Keep
Efka Kvaraciejus,Everything Everywhere All at Once
Efka Kvaraciejus,NCIS: Hawai'i
Efka Kvaraciejus,An American Pickle
Efka Kvaraciejus,Ava
Efka Kvaraciejus,Birds of Prey (and the Fantabulous Emancipation of One Harley Quinn)
Efka Kvaraciejus,Wet Hot American Summer: Ten Years Later
Efka Kvaraciejus,Lethal Weapon
Efka Kvaraciejus,Sneaky Pete
Efka Kvaraciejus,The Librarians
Efka Kvaraciejus,Out of the Furnace
Efka Kvaraciejus,Jack Reacher
Efka Kvaraciejus,Game of Death
Efka Kvaraciejus,Bosco
Efka Kvaraciejus,Twisters
Efka Kvaraciejus,Blue Beetle
Efka Kvaraciejus,Everything Everywhere All at Once
Efka Kvaraciejus,Sweet Girl
Efka Kvaraciejus,Birds of Prey (and the Fantabulous Emancipation of One Harley Quinn)
Efka Kvaraciejus,Bird Box
Efka Kvaraciejus,Wet Hot American Summer: Ten Years Later
Efka Kvaraciejus,Transformers: The Last Knight
Efka Kvaraciejus,Logan
Efka Kvaraciejus,Westworld
Efka Kvaraciejus,Lethal Weapon
Efka Kvaraciejus,Captain America: Civil War
Efka Kvaraciejus,The Last Witch Hunter
Efka Kvaraciejus,The Librarians
Efka Kvaraciejus,John Wick
Efka Kvaraciejus,Transformers: Age of Extinction
Efka Kvaraciejus,Gangster Squad
Efka Kvaraciejus,The Girl from the Naked Eye
Efka Kvaraciejus,CSI: Crime Scene Investigation
Tallie Medel,Fait Accompli: Episode 1: Caused
Tallie Medel,Indoor Baseball
Tallie Medel,Romance Package for Two
Tallie Medel,Everything Everywhere All at Once
Tallie Medel,Death Valley
Tallie Medel,The Carnivores
Tallie Medel,Dick Pics! (A Documentary)
Tallie Medel,Fourteen
Tallie Medel,Marlon Brando
Tallie Medel,Jules of Light and Dark
Tallie Medel,Ada
Tallie Medel,Notes on an Appearance
Tallie Medel,Snowy Bing Bongs Across the North Star Combat Zone
Tallie Medel,Parthenon
Tallie Medel,Sylvio
Tallie Medel,The Arbalest
Tallie Medel,Six Cents in the Pocket
Tallie Medel,Cast Party
Tallie Medel,Abby Singer/Songwriter
Tallie Medel,Sea Beach Local
Tallie Medel,Muck
Tallie Medel,Stinking Heaven
Tallie Medel,Uncertain Terms
Tallie Medel,Joy Kevin
Tallie Medel,"See You Then, Then"
Tallie Medel,Mark Tween
Tallie Medel,White Strips
Tallie Medel,The Unspeakable Act
Tallie Medel,Acid
Tallie Medel,Trust
Tallie Medel,I'm Nostalgic
Tallie Medel,Snowy Bing Bongs Across the North Star Combat Zone
Tallie Medel,White Strips
Tallie Medel,Trust
Tallie Medel,Indoor Baseball
Tallie Medel,The Carnivores
Tallie Medel,The Carnivores
Jamie Lee Curtis,Freaky Friday 2
Jamie Lee Curtis,Spychosis
Jamie Lee Curtis,Borderlands
Jamie Lee Curtis,Haunted Mansion
Jamie Lee Curtis,Arnold
Jamie Lee Curtis,A different threat
Jamie Lee Curtis,The Visions of Terror
Jamie Lee Curtis,No place like Haddonfield
Jamie Lee Curtis,Ending Halloween
Jamie Lee Curtis,Final Girl
Jamie Lee Curtis,Jamie Lee Curtis : Hollywood Call of Freedom
Jamie Lee Curtis,Halloween Ends
Jamie Lee Curtis,Halloween in Hollywood
Jamie Lee Curtis,The Bear
Jamie Lee Curtis,Everything Everywhere All at Once
Jamie Lee Curtis,Haddonfield's Open Wounds
Jamie Lee Curtis,The Kill Team
Jamie Lee Curtis,The Power of FEAR
Jamie Lee Curtis,1978 Transformations
Jamie Lee Curtis,Strode Family Values
Jamie Lee Curtis,Halloween Kills
Jamie Lee Curtis,Turning the Tables with Robin Roberts
Jamie Lee Curtis,Senior Entourage
Jamie Lee Curtis,In Search of the Sanderson Sisters: A Hocus Pocus Hulaween Takeover
Jamie Lee Curtis,The Movies That Made Us
Jamie Lee Curtis,Knives Out
Jamie Lee Curtis,An Acceptable Loss
Jamie Lee Curtis,Back in Haddonfield: Making Halloween
Jamie Lee Curtis,The Legacy of Halloween
Jamie Lee Curtis,Journey of the Mask
Jamie Lee Curtis,The Original Scream Queen
Jamie Lee Curtis,The Masked Singer
Jamie Lee Curtis,Halloween
Jamie Lee Curtis,Eli Roth's History of Horror
Jamie Lee Curtis,78/52
Jamie Lee Curtis,Scream Queens
Jamie Lee Curtis,The Late Late Show with James Corden
Jamie Lee Curtis,Spare Parts
Jamie Lee Curtis,Veronica Mars
Jamie Lee Curtis,The Night She Came Home!!
Jamie Lee Curtis,Blood Is Thicker Than Water: The Making of Halloween H20
Jamie Lee Curtis,Tony Curtis: Driven to Stardom
Jamie Lee Curtis,8
Jamie Lee Curtis,Final Cut: Ladies and Gentlemen
Jamie Lee Curtis,Celebrity Nude Revue: Easy 80's Volume 1
Jamie Lee Curtis,New Girl
Jamie Lee Curtis,The Little Engine That Could
Jamie Lee Curtis,Halloween: The Inside Story
Jamie Lee Curtis,You Again
Jamie Lee Curtis,Video Games Live: Level 2
Jamie Lee Curtis,Archer
Jamie Lee Curtis,Dirt! The Movie
Jamie Lee Curtis,Beverly Hills Chihuahua
Jamie Lee Curtis,The Bonnie Hunt Show
Jamie Lee Curtis,Not Quite Hollywood
Jamie Lee Curtis,The Graham Norton Show
Jamie Lee Curtis,El hormiguero
Jamie Lee Curtis,The Megan Mullally Show
Jamie Lee Curtis,Halloween: 25 Years of Terror
Jamie Lee Curtis,The Kid & I
Jamie Lee Curtis,The Reichen Show
Jamie Lee Curtis,Christmas with the Kranks
Jamie Lee Curtis,John Carpenter: The Man and His Movies
Jamie Lee Curtis,NCIS
Jamie Lee Curtis,The Ellen DeGeneres Show
Jamie Lee Curtis,Halloween: A Cut Above the Rest
Jamie Lee Curtis,Freaky Friday
Jamie Lee Curtis,Mike's Super Short Show
Jamie Lee Curtis,Halloween: Resurrection
Jamie Lee Curtis,Marlene Dietrich: Her Own Song
Jamie Lee Curtis,Revealed with Jules Asner
Jamie Lee Curtis,Daddy and Them
Jamie Lee Curtis,Rudolph the Red-Nosed Reindeer & the Island of Misfit Toys
Jamie Lee Curtis,The Tailor of Panama
Jamie Lee Curtis,The American Nightmare
Jamie Lee Curtis,Pigs Next Door
Jamie Lee Curtis,Drowning Mona
Jamie Lee Curtis,The Early Show
Jamie Lee Curtis,Saturday Night Live: 25th Anniversary Special
Jamie Lee Curtis,Halloween: Unmasked
Jamie Lee Curtis,Virus
Jamie Lee Curtis,Halloween H20: 20 Years Later
Jamie Lee Curtis,Nicholas’ Gift
Jamie Lee Curtis,Homegrown
Jamie Lee Curtis,The Haunted History of Halloween
Jamie Lee Curtis,The View
Jamie Lee Curtis,Fierce Creatures
Jamie Lee Curtis,E! True Hollywood Story
Jamie Lee Curtis,House Arrest
Jamie Lee Curtis,Escape from L.A.
Jamie Lee Curtis,The Rosie O'Donnell Show
Jamie Lee Curtis,"The Good, The Bad, and the Beautiful"
Jamie Lee Curtis,The Heidi Chronicles
Jamie Lee Curtis,The Drew Carey Show
Jamie Lee Curtis,The Frank Skinner Show
Jamie Lee Curtis,True Lies
Jamie Lee Curtis,Sesame Street All-Star 25th Birthday: Stars and Street Forever!
Jamie Lee Curtis,Mother's Boys
Jamie Lee Curtis,My Girl 2
Jamie Lee Curtis,Cindy Sherman: Nobody's Here But Me
Jamie Lee Curtis,Intimate Portrait
Jamie Lee Curtis,Late Night with Conan O'Brien
Jamie Lee Curtis,The Return of Spinal Tap
Jamie Lee Curtis,Forever Young
Jamie Lee Curtis,MTV Movie & TV Awards
Jamie Lee Curtis,The Tonight Show with Jay Leno
Jamie Lee Curtis,My Girl
Jamie Lee Curtis,Queens Logic
Jamie Lee Curtis,Blue Steel
Jamie Lee Curtis,Anything But Love
Jamie Lee Curtis,A Fish Called Wanda
Jamie Lee Curtis,John Cleese's First Farewell Performance
Jamie Lee Curtis,Dominick and Eugene
Jamie Lee Curtis,Amazing Grace and Chuck
Jamie Lee Curtis,A Man in Love
Jamie Lee Curtis,As Summers Die
Jamie Lee Curtis,Annie Oakley
Jamie Lee Curtis,Tall Tales & Legends
Jamie Lee Curtis,Perfect
Jamie Lee Curtis,Terror in the Aisles
Jamie Lee Curtis,"Grandview, U.S.A."
Jamie Lee Curtis,Trading Places
Jamie Lee Curtis,Love Letters
Jamie Lee Curtis,Halloween III: Season of the Witch
Jamie Lee Curtis,Money on the Side
Jamie Lee Curtis,Wogan
Jamie Lee Curtis,Coming Soon
Jamie Lee Curtis,Death of a Centerfold: The Dorothy Stratten Story
Jamie Lee Curtis,Halloween II
Jamie Lee Curtis,Escape from New York
Jamie Lee Curtis,She's in the Army Now
Jamie Lee Curtis,Roadgames
Jamie Lee Curtis,Terror Train
Jamie Lee Curtis,Prom Night
Jamie Lee Curtis,The Fog
Jamie Lee Curtis,Fear on Film: Inside 'The Fog'
Jamie Lee Curtis,Buck Rogers in the 25th Century
Jamie Lee Curtis,Halloween
Jamie Lee Curtis,The Love Boat
Jamie Lee Curtis,The Hardy Boys / Nancy Drew Mysteries
Jamie Lee Curtis,Charlie's Angels
Jamie Lee Curtis,Saturday Night Live
Jamie Lee Curtis,Columbo
Jamie Lee Curtis,The Oscars
Jamie Lee Curtis,Today
Jamie Lee Curtis,The Sticky
Jamie Lee Curtis,Halloween Ends
Jamie Lee Curtis,Return to Sender
Jamie Lee Curtis,Halloween Kills
Jamie Lee Curtis,Best Summer Ever
Jamie Lee Curtis,Halloween
Jamie Lee Curtis,Hondros
Jamie Lee Curtis,Mother Nature
Jamie Lee Curtis,Scream Queens
Jamie Lee Curtis,Anything But Love
Jamie Lee Curtis,Mother Nature
Jamie Lee Curtis,Murder at the World Series
James Hong,This Is the Life
James Hong,American Born Chinese
James Hong,Gremlins: Secrets of the Mogwai
James Hong,The Muppets Mayhem
James Hong,Patsy Lee & The Keepers of the 5 Kingdoms
James Hong,Wendell & Wild
James Hong,Kung Fu Panda: The Dragon Knight
James Hong,"Soul of a Nation Presents: Together As One: Celebrating Asian American, Native Hawaiian and Pacific Islander Heritage"
James Hong,Everything Everywhere All at Once
James Hong,Turning Red
James Hong,Poorly Drawn Lines
James Hong,Star Wars: Visions
James Hong,Trollhunters: Rise of the Titans
James Hong,More Than Miyagi: The Pat Morita Story
James Hong,Batman: Soul of the Dragon
James Hong,Beast Mode
James Hong,The Haunted Swordsman
James Hong,Dropa
James Hong,Cross: Rise of the Villains
James Hong,Abominable
James Hong,Grand-Daddy Day Care
James Hong,Kung Fu Panda: The Paws of Destiny
James Hong,The Last Sharknado: It's About Time
James Hong,Kung Fu Panda: The Emperor's Quest
James Hong,Sherlock Gnomes
James Hong,Unfallen
James Hong,Better Criminal
James Hong,Rush Hour
James Hong,Fortune Cookie
James Hong,Kung Fu Panda 3
James Hong,Kung Fu Panda: Secrets of the Scroll
James Hong,Genghis Khan Conquers the Moon
James Hong,Monkey King: Hero Is Back
James Hong,Tom and Jerry: Spy Quest
James Hong,The Dog Who Saved Summer
James Hong,Penn Zero: Part-Time Hero
James Hong,Star Wars Rebels
James Hong,Kung Fu Panda - The Midnight Stranger Vol.4
James Hong,The Blacklist
James Hong,R.I.P.D.
James Hong,Summoned
James Hong,Blunt Movie
James Hong,The Lost Medallion: The Adventures of Billy Stone
James Hong,Incredible Crew
James Hong,Junk
James Hong,Elementary
James Hong,Safe
James Hong,"China, IL"
James Hong,2 Broke Girls
James Hong,Kung Fu Panda: Legends of Awesomeness
James Hong,Trinity Goodheart
James Hong,Kung Fu Panda 2
James Hong,A.N.T. Farm
James Hong,Tattoo
James Hong,Kung Fu Panda Holiday
James Hong,Hawaii Five-0
James Hong,Pair of Kings
James Hong,Regular Show
James Hong,How to Make Love to a Woman
James Hong,Scooby-Doo! Mystery Incorporated
James Hong,Generator Rex
James Hong,The Day the Earth Stood Still
James Hong,Adventures of Johnny Tao
James Hong,Kung Fu Panda
James Hong,Dangerous Days: Making 'Blade Runner'
James Hong,Fashion Forward: Wardrobe and Styling
James Hong,Chowder
James Hong,The Big Bang Theory
James Hong,Chuck
James Hong,"Chill Out, Scooby-Doo!"
James Hong,Balls of Fury
James Hong,Hollywood Chinese
James Hong,Shanghai Kiss
James Hong,In Case of Emergency
James Hong,One Night with You
James Hong,Totally Awesome
James Hong,Exit 38
James Hong,Choose Your Own Adventure - The Abominable Snowman
James Hong,Dragon Dynasty
James Hong,The Loop
James Hong,Bones
James Hong,Avatar: The Last Airbender
James Hong,Zoey 101
James Hong,American Fusion
James Hong,Center of the Universe
James Hong,Super Robot Monkey Team Hyperforce Go!
James Hong,Sucker Free City
James Hong,Latin Dragon
James Hong,Ghost Rock
James Hong,Forbidden Warrior
James Hong,10-8: Officers on Duty
James Hong,Las Vegas
James Hong,Teen Titans
James Hong,Lost at Home
James Hong,The Idol
James Hong,Hero
James Hong,The Random Years
James Hong,The Biggest Fan
James Hong,Epoch
James Hong,Come Die with Me: A Mickey Spillane's Mike Hammer Mystery
James Hong,The Chronicle
James Hong,The Division
James Hong,The Ghost
James Hong,Jackie Chan Adventures
James Hong,The Art of War
James Hong,On the Edge of 'Blade Runner'
James Hong,Malcolm in the Middle
James Hong,G-2
James Hong,Singapore Sling
James Hong,The West Wing
James Hong,Law & Order: Special Victims Unit
James Hong,Breakout
James Hong,Charmed
James Hong,The King of Queens
James Hong,Mulan
James Hong,Broken Vessels
James Hong,Red Corner
James Hong,Catherine's Grove
James Hong,Spawn
James Hong,McHale's Navy
James Hong,The Practice
James Hong,Bloodsport III
James Hong,Infinity
James Hong,South Beach Academy
James Hong,The Pretender
James Hong,Malcolm & Eddie
James Hong,The Secret Agent Club
James Hong,Nash Bridges
James Hong,Bloodsport II
James Hong,Paper Dragons
James Hong,Encyclopedia of Martial Arts: Hollywood Celebrities
James Hong,Guns & Lipstick
James Hong,Operation Dumbo Drop
James Hong,Triplecross
James Hong,Gladiator Cop
James Hong,Tank Girl
James Hong,Happily Ever After: Fairy Tales for Every Child
James Hong,Cyber Bandits
James Hong,Bad Company
James Hong,Operation Golden Phoenix
James Hong,Friends
James Hong,Chicago Hope
James Hong,The Shadow
James Hong,Femme Fontaine: Killer Babe for the C.I.A.
James Hong,Silent Fury
James Hong,Wayne's World 2
James Hong,Diagnosis: Murder
James Hong,Bethune: The Making of a Hero
James Hong,Lois & Clark: The New Adventures of Superman
James Hong,SWAT Kats: The Radical Squadron
James Hong,The X-Files
James Hong,"The Adventures of Brisco County, Jr."
James Hong,L.A. Goddess
James Hong,Kung Fu: The Legend Continues
James Hong,Talons of the Eagle
James Hong,Joker's Wild
James Hong,Forever Knight
James Hong,Merlin
James Hong,Missing Pieces
James Hong,Goodbye Paradise
James Hong,Home Improvement
James Hong,Mystery Date
James Hong,The Crime Lords
James Hong,The Perfect Weapon
James Hong,Too Much Sun
James Hong,Partners in Life
James Hong,The Two Jakes
James Hong,Framed
James Hong,Dragonfight
James Hong,Caged Fury
James Hong,Shadowzone
James Hong,Tango & Cash
James Hong,Booker
James Hong,Nasty Boys
James Hong,"Doogie Howser, M.D."
James Hong,The Jitters
James Hong,Seinfeld
James Hong,The Vineyard
James Hong,Rocket Boy
James Hong,Deadlock
James Hong,Brotherhood of the Rose
James Hong,Murphy Brown
James Hong,War of the Worlds
James Hong,Question of Faith
James Hong,Hot to Trot
James Hong,China Beach
James Hong,Vice Versa
James Hong,Tax Season
James Hong,Jake and the Fatman
James Hong,Beauty and the Beast
James Hong,China Girl
James Hong,Tour of Duty
James Hong,Revenge of the Nerds II: Nerds in Paradise
James Hong,Black Widow
James Hong,The Golden Child
James Hong,Big Trouble in Little China
James Hong,MacGyver
James Hong,The Equalizer
James Hong,Stingray
James Hong,It All Comes Out in the Wash
James Hong,Blade in Hong Kong
James Hong,Crazy like a Fox
James Hong,Missing in Action
James Hong,Tales from the Darkside
James Hong,Who's the Boss?
James Hong,Hunter
James Hong,Miami Vice
James Hong,Ninja III: The Domination
James Hong,Airwolf
James Hong,China Rose
James Hong,Manimal
James Hong,Breathless
James Hong,The A-Team
James Hong,Inspector Perez
James Hong,Marco Polo
James Hong,St. Elsewhere
James Hong,"Yes, Giorgio"
James Hong,Blade Runner
James Hong,The Letter
James Hong,Cagney & Lacey
James Hong,T. J. Hooker
James Hong,Falcon Crest
James Hong,True Confessions
James Hong,So Fine
James Hong,Dynasty
James Hong,"Magnum, P.I."
James Hong,The Return of Frank Cannon
James Hong,Airplane!
James Hong,The Hustler of Muscle Beach
James Hong,"Palmerstown, U.S.A."
James Hong,When Hell Was in Session
James Hong,Hart to Hart
James Hong,The In-Laws
James Hong,Mandrake
James Hong,My Husband Is Missing
James Hong,Libra
James Hong,Taxi
James Hong,Go Tell the Spartans
James Hong,Last of the Good Guys
James Hong,Dr. Scorpion
James Hong,The World's Greatest Lover
James Hong,Panic in Echo Park
James Hong,The Hardy Boys / Nancy Drew Mysteries
James Hong,Bound for Glory
James Hong,Charlie's Angels
James Hong,"No Deposit, No Return"
James Hong,Jigsaw John
James Hong,The Bionic Woman
James Hong,Wonder Woman
James Hong,Starsky & Hutch
James Hong,Switch
James Hong,S.W.A.T.
James Hong,Khan!
James Hong,Baretta
James Hong,Judge Dee and the Monastery Murders
James Hong,The Missiles of October
James Hong,The Missiles of October
James Hong,The Rockford Files
James Hong,Harry O
James Hong,Chinatown
James Hong,Dynamite Brothers
James Hong,China Girl
James Hong,Sunshine
James Hong,Pueblo
James Hong,Kung Fu
James Hong,The Streets of San Francisco
James Hong,The Bob Newhart Show
James Hong,Anna and the King
James Hong,The Rookies
James Hong,The Carey Treatment
James Hong,Hot Connections
James Hong,"Kung Fu: The Way of the Tiger, the Sign of the Dragon"
James Hong,Earth II
James Hong,A Tattered Web
James Hong,McMillan & Wife
James Hong,Cannon
James Hong,The Forgotten Man
James Hong,Fearless Fighters
James Hong,All in the Family
James Hong,The Hawaiians
James Hong,Colossus: The Forbin Project
James Hong,The Bamboo Saucer
James Hong,Here's Lucy
James Hong,Hawaii Five-O
James Hong,Nobody's Perfect
James Hong,Jimi Hendrix: Experience
James Hong,Ironside
James Hong,The Sand Pebbles
James Hong,CBS Playhouse
James Hong,Mission: Impossible
James Hong,Family Affair
James Hong,One Spy Too Many
James Hong,Destination Inner Space
James Hong,I Dream of Jeannie
James Hong,The Satan Bug
James Hong,"Gomer Pyle, U.S.M.C."
James Hong,The Man from U.N.C.L.E.
James Hong,Mickey
James Hong,The Fugitive
James Hong,The Outer Limits
James Hong,Ensign O'Toole
James Hong,Flower Drum Song
James Hong,Ben Casey
James Hong,87th Precinct
James Hong,The Human Vapor
James Hong,The Islanders
James Hong,The Barbara Stanwyck Show
James Hong,Checkmate
James Hong,Hong Kong
James Hong,Never So Few
James Hong,Blood and Steel
James Hong,Hawaiian Eye
James Hong,Adventures in Paradise
James Hong,Johnny Ringo
James Hong,Bonanza
James Hong,One Step Beyond
James Hong,Bat Masterson
James Hong,The Donna Reed Show
James Hong,Peter Gunn
James Hong,Nightmare at Ground Zero
James Hong,Zorro
James Hong,Perry Mason
James Hong,Sugarfoot
James Hong,"Have Gun, Will Travel"
James Hong,The New Adventures of Charlie Chan
James Hong,"Richard Diamond, Private Detective"
James Hong,The Seventh Sin
James Hong,China Gate
James Hong,Battle Hymn
James Hong,Flight to Hong Kong
James Hong,"Godzilla, King of the Monsters!"
James Hong,Man Called X
James Hong,Blood Alley
James Hong,Love Is a Many-Splendored Thing
James Hong,Soldier of Fortune
James Hong,The Millionaire
James Hong,The Shanghai Story
James Hong,Dragonfly Squadron
James Hong,Letter to Loretta
James Hong,The Oscars
James Hong,Four Star Playhouse
James Hong,Dragnet
James Hong,Patsy Lee & The Keepers of the 5 Kingdoms
James Hong,Singapore Sling
James Hong,Catherine's Grove
James Hong,Encyclopedia of Martial Arts: Hollywood Celebrities
James Hong,Caged Fury
James Hong,Teen Lust
James Hong,Patsy Lee & The Keepers of the 5 Kingdoms
James Hong,Encyclopedia of Martial Arts: Hollywood Celebrities
James Hong,The Vineyard
James Hong,Singapore Sling
James Hong,Encyclopedia of Martial Arts: Hollywood Celebrities
James Hong,The Vineyard
James Hong,Teen Lust
James Hong,Hot Connections
Ke Huy Quan,The Electric State
Ke Huy Quan,The New Face of Hollywood – A Soul of a Nation Presentation
Ke Huy Quan,100 Years of Warner Bros.
Ke Huy Quan,American Born Chinese
Ke Huy Quan,Everything Everywhere All at Once
Ke Huy Quan,Loki
Ke Huy Quan,Finding ʻOhana
Ke Huy Quan,Reunited Apart
Ke Huy Quan,The Late Show with Stephen Colbert
Ke Huy Quan,The Late Late Show with James Corden
Ke Huy Quan,The Light and Magic of 'Indiana Jones'
Ke Huy Quan,The Stunts of 'Indiana Jones'
Ke Huy Quan,Indiana Jones: Making the Trilogy
Ke Huy Quan,Second Time Around
Ke Huy Quan,Red Pirate
Ke Huy Quan,大太監與小木匠
Ke Huy Quan,Encino Man
Ke Huy Quan,Breathing Fire
Ke Huy Quan,Tales from the Crypt
Ke Huy Quan,Passenger
Ke Huy Quan,Together We Stand
Ke Huy Quan,Head of the Class
Ke Huy Quan,It Takes a Thief
Ke Huy Quan,The Goonies
Ke Huy Quan,The Making of 'Indiana Jones and the Temple of Doom'
Ke Huy Quan,Indiana Jones and the Temple of Doom
Ke Huy Quan,The Oscars
Ke Huy Quan,The One
Ke Huy Quan,X-Men
Ke Huy Quan,2046
Ke Huy Quan,Voodoo
Ke Huy Quan,Voodoo
Ke Huy Quan,Voodoo
Stephanie Hsu,The Fall Guy
Stephanie Hsu,Leo
Stephanie Hsu,Blue Eye Samurai
Stephanie Hsu,The Monkey King
Stephanie Hsu,Shortcomings
Stephanie Hsu,Joy Ride
Stephanie Hsu,American Born Chinese
Stephanie Hsu,Poker Face
Stephanie Hsu,Sucks To Be The Moon
Stephanie Hsu,Kung Fu Panda: The Dragon Knight
Stephanie Hsu,Everything Everywhere All at Once
Stephanie Hsu,Shang-Chi and the Legend of the Ten Rings
Stephanie Hsu,Wicked in Concert: A Musical Celebration of the Iconic Broadway Score
Stephanie Hsu,Asking For It
Stephanie Hsu,Legendary Place
Stephanie Hsu,Be More Chill: The Upgrade
Stephanie Hsu,Set It Up
Stephanie Hsu,Femme
Stephanie Hsu,Bitch Please
Stephanie Hsu,Indoor Boys
Stephanie Hsu,The Marvelous Mrs. Maisel
Stephanie Hsu,The Late Show with Stephen Colbert
Stephanie Hsu,Unbreakable Kimmy Schmidt
Stephanie Hsu,Girl Code
Stephanie Hsu,The Oscars
Stephanie Hsu,Asking For It
